{"cameraMode":{"drawMode":0,"name":"Shaded","section":"Shading Mode"},"sceneLighting":false,"audioPlay":false,"sceneViewState":{"m_AlwaysRefresh":false,"showFog":true,"showSkybox":false,"showFlares":true,"showImageEffects":true,"showParticleSystems":true,"showVisualEffectGraphs":true,"m_FxEnabled":true},"in2DMode":false,"pivot":{"x":7.619999885559082,"y":0.7000000476837158,"z":0.24000000953674317},"rotation":{"x":0.008555405773222447,"y":0.7734628915786743,"z":-0.0104424012824893,"w":0.6336972117424011},"size":3.3763630390167238,"orthographic":true}