{"cameraMode":{"drawMode":0,"name":"Shaded","section":"Shading Mode"},"sceneLighting":false,"audioPlay":false,"sceneViewState":{"m_AlwaysRefresh":false,"showFog":true,"showSkybox":false,"showFlares":true,"showImageEffects":true,"showParticleSystems":true,"showVisualEffectGraphs":true,"m_FxEnabled":true},"in2DMode":false,"pivot":{"x":-1.4856245517730713,"y":1.3860604763031006,"z":-2.2750535011291506},"rotation":{"x":0.25679799914360049,"y":0.34727543592453005,"z":-0.09948545694351196,"w":0.8964161276817322},"size":4.203184604644775,"orthographic":true}