{"cameraMode":{"drawMode":0,"name":"Shaded","section":"Shading Mode"},"sceneLighting":true,"audioPlay":false,"sceneViewState":{"m_AlwaysRefresh":false,"showFog":true,"showSkybox":true,"showFlares":true,"showImageEffects":true,"showParticleSystems":true,"showVisualEffectGraphs":true,"m_FxEnabled":true},"in2DMode":false,"pivot":{"x":0.05929207801818848,"y":-0.7433681488037109,"z":-2.443187952041626},"rotation":{"x":0.22470562160015107,"y":-0.18661291897296906,"z":0.04389076307415962,"w":0.9553861021995544},"size":12.770696640014649,"orthographic":true}