{"cameraMode":{"drawMode":0,"name":"Shaded","section":"Shading Mode"},"sceneLighting":true,"audioPlay":false,"sceneViewState":{"m_AlwaysRefresh":false,"showFog":true,"showSkybox":true,"showFlares":true,"showImageEffects":true,"showParticleSystems":true,"showVisualEffectGraphs":true,"m_FxEnabled":true},"in2DMode":false,"pivot":{"x":2.4001965522766115,"y":0.2882966995239258,"z":5.456075668334961},"rotation":{"x":0.39821115136146548,"y":0.004584699869155884,"z":-0.0022136131301522257,"w":0.9174607396125794},"size":19.438264846801759,"orthographic":true}