{"cameraMode":{"drawMode":0,"name":"Shaded","section":"Shading Mode"},"sceneLighting":false,"audioPlay":false,"sceneViewState":{"m_AlwaysRefresh":false,"showFog":true,"showSkybox":false,"showFlares":true,"showImageEffects":true,"showParticleSystems":true,"showVisualEffectGraphs":true,"m_FxEnabled":true},"in2DMode":false,"pivot":{"x":-2.5049068927764894,"y":0.7349140644073486,"z":5.491136074066162},"rotation":{"x":0.023595888167619706,"y":-0.9492217302322388,"z":0.07270170003175736,"w":0.3055020570755005},"size":1.992668867111206,"orthographic":true}