{"cameraMode":{"drawMode":0,"name":"Shaded","section":"Shading Mode"},"sceneLighting":false,"audioPlay":false,"sceneViewState":{"m_AlwaysRefresh":false,"showFog":true,"showSkybox":false,"showFlares":true,"showImageEffects":true,"showParticleSystems":true,"showVisualEffectGraphs":true,"m_FxEnabled":true},"in2DMode":false,"pivot":{"x":-1.8439314365386963,"y":1.9823777675628663,"z":2.110999345779419},"rotation":{"x":-0.031722452491521838,"y":0.9478486776351929,"z":-0.30101099610328677,"w":-0.09989181160926819},"size":4.784660816192627,"orthographic":true}