{"cameraMode":{"drawMode":0,"name":"Shaded","section":"Shading Mode"},"sceneLighting":false,"audioPlay":false,"sceneViewState":{"m_AlwaysRefresh":false,"showFog":true,"showSkybox":false,"showFlares":true,"showImageEffects":true,"showParticleSystems":true,"showVisualEffectGraphs":true,"m_FxEnabled":true},"in2DMode":false,"pivot":{"x":0.013538837432861328,"y":1.001877784729004,"z":-0.006769657135009766},"rotation":{"x":0.17958050966262818,"y":-0.09956330060958862,"z":0.018270615488290788,"w":0.9785345196723938},"size":1.9642022848129273,"orthographic":true}