{"cameraMode":{"drawMode":0,"name":"Shaded","section":"Shading Mode"},"sceneLighting":false,"audioPlay":false,"sceneViewState":{"m_AlwaysRefresh":false,"showFog":true,"showSkybox":false,"showFlares":true,"showImageEffects":true,"showParticleSystems":true,"showVisualEffectGraphs":true,"m_FxEnabled":true},"in2DMode":false,"pivot":{"x":0.28913307189941409,"y":9.302691459655762,"z":0.9441471099853516},"rotation":{"x":0.10758774727582932,"y":0.1741458922624588,"z":-0.019260140135884286,"w":0.978772759437561},"size":23.371021270751954,"orthographic":true}