{"cameraMode":{"drawMode":0,"name":"Shaded","section":"Shading Mode"},"sceneLighting":false,"audioPlay":false,"sceneViewState":{"m_AlwaysRefresh":false,"showFog":true,"showSkybox":false,"showFlares":true,"showImageEffects":true,"showParticleSystems":true,"showVisualEffectGraphs":true,"m_FxEnabled":true},"in2DMode":false,"pivot":{"x":-5.930000305175781,"y":0.7000000476837158,"z":0.24000000953674317},"rotation":{"x":-0.08067398518323899,"y":-0.8009751439094544,"z":0.11145457625389099,"w":-0.5829897522926331},"size":2.649169445037842,"orthographic":true}